Date,Adj Close,Close,High,Low,Open,Volume
2022-09-15,373.8998107910156,390.1199951171875,395.9599914550781,388.7799987792969,392.9599914550781,87633800.0
2022-09-16,371.0473937988281,385.55999755859375,386.25,382.1099853515625,384.1400146484375,103084800.0
2022-09-19,373.9248046875,388.54998779296875,388.54998779296875,382.17999267578125,382.260009765625,73278500.0
2022-09-20,369.6326599121094,384.0899963378906,386.1199951171875,381.20001220703125,385.05999755859375,77274900.0
2022-09-21,363.1849060058594,377.3900146484375,389.30999755859375,377.3800048828125,386.1099853515625,106746600.0
2022-09-22,360.1341552734375,374.2200012207031,378.29998779296875,373.44000244140625,376.5799865722656,89472600.0
2022-09-23,354.1001892089844,367.95001220703125,370.6199951171875,363.2900085449219,370.5799865722656,122346900.0
2022-09-26,350.59716796875,364.30999755859375,370.2099914550781,363.0299987792969,366.4100036621094,92581200.0
2022-09-27,349.7022399902344,363.3800048828125,370.3999938964844,360.8699951171875,368.0199890136719,108294100.0
2022-09-28,356.58306884765625,370.5299987792969,372.29998779296875,362.6000061035156,364.3800048828125,110802200.0
2022-09-29,349.1344299316406,362.7900085449219,367.1099853515625,359.70001220703125,366.80999755859375,112952300.0
2022-09-30,343.735595703125,357.17999267578125,365.9100036621094,357.0400085449219,361.79998779296875,153711200.0
2022-10-03,352.81060791015625,366.6099853515625,368.54998779296875,359.2099914550781,361.0799865722656,89756500.0
2022-10-04,363.7430114746094,377.9700012207031,378.0,366.57000732421875,372.3999938964844,103602800.0
2022-10-05,362.8961486816406,377.0899963378906,379.4599914550781,370.95001220703125,373.3900146484375,88065700.0
2022-10-06,359.1526184082031,373.20001220703125,378.7200012207031,372.67999267578125,375.6199951171875,82333500.0
2022-10-07,349.1344299316406,362.7900085449219,373.2900085449219,360.94000244140625,368.9700012207031,107789500.0
2022-10-10,346.4686584472656,360.0199890136719,364.2099914550781,357.6700134277344,363.9599914550781,76042800.0
2022-10-11,344.2745056152344,357.739990234375,363.0299987792969,355.7099914550781,358.239990234375,92482800.0
2022-10-12,343.1388854980469,356.55999755859375,359.82000732421875,356.29998779296875,358.1700134277344,76991800.0
2022-10-13,352.1947326660156,365.9700012207031,367.510009765625,348.1099853515625,349.2099914550781,147254500.0
2022-10-14,344.16864013671875,357.6300048828125,370.260009765625,356.9599914550781,368.54998779296875,123737000.0
2022-10-17,353.01275634765625,366.82000732421875,367.9800109863281,357.2799987792969,364.010009765625,93168200.0
2022-10-18,357.1604919433594,371.1300048828125,375.45001220703125,367.5199890136719,375.1300048828125,97162900.0
2022-10-19,354.6294860839844,368.5,371.8500061035156,365.54998779296875,368.989990234375,79746900.0
2022-10-20,351.6557922363281,365.4100036621094,372.6700134277344,364.6099853515625,368.0299987792969,88283100.0
2022-10-21,360.2015380859375,374.2900085449219,374.79998779296875,363.5400085449219,365.1199951171875,131038400.0
2022-10-24,364.6091613769531,378.8699951171875,380.05999755859375,373.1099853515625,375.8900146484375,85436900.0
2022-10-25,370.43145751953125,384.9200134277344,385.25,378.6700134277344,378.7900085449219,78846300.0
2022-10-26,367.64056396484375,382.0199890136719,387.5799865722656,381.3500061035156,381.6199951171875,104087300.0
2022-10-27,365.6773986816406,379.9800109863281,385.0,379.3299865722656,383.07000732421875,81971800.0
2022-10-28,374.37713623046875,389.0199890136719,389.5199890136719,379.67999267578125,379.8699951171875,100302000.0
2022-10-31,371.6728515625,386.2099914550781,388.3999938964844,385.260009765625,386.44000244140625,96631300.0
2022-11-01,370.0465087890625,384.5199890136719,390.3900146484375,383.2900085449219,390.1400146484375,85407600.0
2022-11-02,360.75970458984375,374.8699951171875,388.6300048828125,374.760009765625,383.8999938964844,126990400.0
2022-11-03,357.0450134277344,371.010009765625,374.20001220703125,368.7900085449219,371.4700012207031,87100100.0
2022-11-04,362.1839599609375,376.3500061035156,378.8699951171875,370.0,377.0,103505200.0
2022-11-07,365.64849853515625,379.95001220703125,380.57000732421875,375.5299987792969,377.7099914550781,68286900.0
2022-11-08,367.621337890625,382.0,385.1199951171875,377.7200012207031,381.1099853515625,84641100.0
2022-11-09,360.047607421875,374.1300048828125,381.1400146484375,373.6099853515625,379.92999267578125,78495500.0
2022-11-10,379.8337097167969,394.69000244140625,395.0400085449219,385.6400146484375,388.04998779296875,141455800.0
2022-11-11,383.5099182128906,398.510009765625,399.3500061035156,393.6099853515625,395.5899963378906,93839900.0
2022-11-14,380.2474365234375,395.1199951171875,400.17999267578125,394.8299865722656,396.6600036621094,71903500.0
2022-11-15,383.49066162109375,398.489990234375,402.30999755859375,394.489990234375,401.1499938964844,93194500.0
2022-11-16,380.56512451171875,395.45001220703125,397.7799987792969,394.7900085449219,396.7799987792969,68508500.0
2022-11-17,379.400634765625,394.239990234375,394.95001220703125,390.1400146484375,390.4599914550781,74496300.0
2022-11-18,381.1233215332031,396.0299987792969,397.80999755859375,393.0400085449219,397.739990234375,92922500.0
2022-11-21,379.7373962402344,394.5899963378906,395.82000732421875,392.6600036621094,394.6400146484375,51243200.0
2022-11-22,384.84759521484375,399.8999938964844,400.07000732421875,395.1499938964844,396.6300048828125,60429000.0
2022-11-23,387.27276611328125,402.4200134277344,402.92999267578125,399.30999755859375,399.54998779296875,68261600.0
2022-11-25,387.1861267089844,402.3299865722656,402.9100036621094,401.5400085449219,401.8299865722656,30545400.0
2022-11-28,381.00775146484375,395.9100036621094,400.80999755859375,395.1099853515625,399.0899963378906,67881600.0
2022-11-29,380.3533630371094,395.2300109863281,397.29998779296875,393.29998779296875,396.04998779296875,52310000.0
2022-11-30,392.3347473144531,407.67999267578125,407.67999267578125,393.4800109863281,395.489990234375,144566700.0
2022-12-01,392.0460205078125,407.3800048828125,410.0,404.75,408.7699890136719,76398200.0
2022-12-02,391.59375,406.9100036621094,407.8599853515625,402.1400146484375,402.25,85342700.0
2022-12-05,384.5492858886719,399.5899963378906,404.92999267578125,398.1700134277344,403.95001220703125,77289800.0
2022-12-06,379.00604248046875,393.8299865722656,399.989990234375,391.6400146484375,399.4200134277344,77972200.0
2022-12-07,378.36126708984375,393.1600036621094,395.6400146484375,391.9700012207031,392.94000244140625,65927900.0
2022-12-08,381.3253479003906,396.239990234375,397.3599853515625,393.2699890136719,395.1400146484375,60737900.0
2022-12-09,378.47674560546875,393.2799987792969,397.6199951171875,393.1499938964844,394.94000244140625,81447700.0
2022-12-12,383.933349609375,398.95001220703125,398.95001220703125,393.4100036621094,394.1099853515625,75405800.0
2022-12-13,386.83966064453125,401.9700012207031,410.489990234375,399.07000732421875,410.2200012207031,123782500.0
2022-12-14,384.3663635253906,399.3999938964844,405.5,396.30999755859375,401.6099853515625,108111300.0
2022-12-15,374.9641418457031,389.6300048828125,395.25,387.8900146484375,394.29998779296875,117705900.0
2022-12-16,370.5372314453125,383.2699890136719,386.5799865722656,381.0400085449219,385.17999267578125,119858000.0
2022-12-19,367.39520263671875,380.0199890136719,383.82000732421875,378.2799987792969,383.4700012207031,79878100.0
2022-12-20,367.8979797363281,380.5400085449219,382.2300109863281,377.8500061035156,379.2300109863281,74427200.0
2022-12-21,373.3989562988281,386.2300109863281,387.4100036621094,382.69000244140625,383.25,78167400.0
2022-12-22,368.0719299316406,380.7200012207031,386.2099914550781,374.7699890136719,383.04998779296875,100120900.0
2022-12-23,370.1893005371094,382.9100036621094,383.05999755859375,378.0299987792969,379.6499938964844,59857300.0
2022-12-27,368.7293701171875,381.3999938964844,383.1499938964844,379.6499938964844,382.7900085449219,51638200.0
2022-12-28,364.1468811035156,376.6600036621094,383.3900146484375,376.4200134277344,381.3299865722656,70911500.0
2022-12-29,370.70166015625,383.44000244140625,384.3500061035156,379.0799865722656,379.6300048828125,66970900.0
2022-12-30,369.72515869140625,382.42999267578125,382.5799865722656,378.42999267578125,380.6400146484375,84022200.0
2023-01-03,368.168701171875,380.82000732421875,386.42999267578125,377.8299865722656,384.3699951171875,74850700.0
2023-01-04,371.0110168457031,383.760009765625,385.8800048828125,380.0,383.17999267578125,85934100.0
2023-01-05,366.7764892578125,379.3800048828125,381.8399963378906,378.760009765625,381.7200012207031,76970500.0
2023-01-06,375.1875,388.0799865722656,389.25,379.4100036621094,382.6099853515625,104189600.0
2023-01-09,374.97479248046875,387.8599853515625,393.70001220703125,387.6700134277344,390.3699951171875,73978100.0
2023-01-10,377.60443115234375,390.5799865722656,390.6499938964844,386.2699890136719,387.25,65358100.0
2023-01-11,382.3803405761719,395.5199890136719,395.6000061035156,391.3800048828125,392.2300109863281,68881100.0
2023-01-12,383.7724914550781,396.9599914550781,398.489990234375,392.4200134277344,396.6700134277344,90157700.0
2023-01-13,385.2613220214844,398.5,399.1000061035156,393.3399963378906,393.6199951171875,63903900.0
2023-01-17,384.5555114746094,397.7699890136719,400.2300109863281,397.05999755859375,398.4800109863281,62677300.0
2023-01-18,378.48419189453125,391.489990234375,400.1199951171875,391.2799987792969,399.010009765625,99632300.0
2023-01-19,375.7288513183594,388.6400146484375,391.0799865722656,387.260009765625,389.3599853515625,86958900.0
2023-01-20,382.7283630371094,395.8800048828125,396.0400085449219,388.3800048828125,390.1000061035156,91806400.0
2023-01-23,387.320556640625,400.6300048828125,402.6499938964844,395.7200012207031,396.7200012207031,84178800.0
2023-01-24,386.90484619140625,400.20001220703125,401.1499938964844,397.6400146484375,398.8800048828125,59524900.0
2023-01-25,387.0498352050781,400.3500061035156,400.70001220703125,393.55999755859375,395.95001220703125,84800300.0
2023-01-26,391.3037109375,404.75,404.9200134277344,400.0299987792969,403.1300048828125,72287400.0
2023-01-27,392.2027587890625,405.67999267578125,408.1600036621094,403.44000244140625,403.6600036621094,68346200.0
2023-01-30,387.2818908691406,400.5899963378906,405.1300048828125,400.2799987792969,402.79998779296875,74202000.0
2023-01-31,392.9762268066406,406.4800109863281,406.5299987792969,400.7699890136719,401.1300048828125,86811800.0
2023-02-01,397.1527099609375,410.79998779296875,413.6700134277344,402.3500061035156,405.2099914550781,101459200.0
2023-02-02,402.9339904785156,416.7799987792969,418.30999755859375,412.8800048828125,414.8599853515625,101654500.0
2023-02-03,398.65118408203125,412.3500061035156,416.9700012207031,411.0899963378906,411.5899963378906,94736800.0
2023-02-06,396.2148742675781,409.8299865722656,411.2900085449219,408.1000061035156,409.7900085449219,60295300.0
2023-02-07,401.3968505859375,415.19000244140625,416.489990234375,407.57000732421875,408.8699951171875,90990700.0
2023-02-08,397.0076599121094,410.6499938964844,414.5299987792969,409.92999267578125,413.1300048828125,76227500.0
2023-02-09,393.56591796875,407.0899963378906,414.57000732421875,405.80999755859375,414.4100036621094,78694900.0
2023-02-10,394.4843444824219,408.0400085449219,408.44000244140625,405.010009765625,405.8599853515625,70769700.0
2023-02-13,399.1152648925781,412.8299865722656,412.9700012207031,408.239990234375,408.7200012207031,64913500.0
2023-02-14,398.9315490722656,412.6400146484375,415.04998779296875,408.510009765625,411.239990234375,88389300.0
2023-02-15,400.2270202636719,413.9800109863281,414.05999755859375,409.4700012207031,410.3500061035156,61555700.0
2023-02-16,394.7163391113281,408.2799987792969,412.9100036621094,408.1400146484375,408.7900085449219,76431500.0
2023-02-17,393.73028564453125,407.260009765625,407.510009765625,404.04998779296875,406.05999755859375,89257800.0
2023-02-21,385.83172607421875,399.0899963378906,404.1600036621094,398.82000732421875,403.05999755859375,82655900.0
2023-02-22,385.29998779296875,398.5400085449219,401.1300048828125,397.0199890136719,399.5199890136719,83742300.0
2023-02-23,387.3495788574219,400.6600036621094,402.20001220703125,396.25,401.55999755859375,96242400.0
2023-02-24,383.21173095703125,396.3800048828125,397.25,393.6400146484375,395.4200134277344,108194400.0
2023-02-27,384.5168762207031,397.7300109863281,401.2900085449219,396.75,399.8699951171875,80444700.0
2023-02-28,383.0957946777344,396.260009765625,399.2799987792969,396.1499938964844,397.2300109863281,96438600.0
2023-03-01,381.626220703125,394.739990234375,396.69000244140625,393.3800048828125,395.4100036621094,99706800.0
2023-03-02,384.5942077636719,397.80999755859375,398.69000244140625,392.3299865722656,392.67999267578125,85127800.0
2023-03-03,390.76226806640625,404.19000244140625,404.45001220703125,399.0299987792969,399.7099914550781,90120000.0
2023-03-06,391.032958984375,404.4700012207031,407.45001220703125,404.010009765625,405.04998779296875,72795900.0
2023-03-07,385.0389709472656,398.2699890136719,404.6700134277344,397.6300048828125,404.4200134277344,108310600.0
2023-03-08,385.6673889160156,398.9200134277344,399.7099914550781,396.5899963378906,398.3900146484375,74746600.0
2023-03-09,378.5519104003906,391.55999755859375,401.4800109863281,390.5299987792969,399.739990234375,111945300.0
2023-03-10,373.0895690917969,385.9100036621094,393.1600036621094,384.32000732421875,390.989990234375,189253000.0
2023-03-13,372.5578308105469,385.3599853515625,390.3900146484375,380.6499938964844,381.80999755859375,157790000.0
2023-03-14,378.71624755859375,391.7300109863281,393.45001220703125,387.04998779296875,390.5,149752400.0
2023-03-15,376.3476257324219,389.2799987792969,389.489990234375,383.7099914550781,385.8900146484375,172996900.0
2023-03-16,382.9507141113281,396.1099853515625,396.4700012207031,386.2900085449219,386.82000732421875,143254200.0
2023-03-17,378.4729309082031,389.989990234375,394.3999938964844,388.54998779296875,393.2200012207031,140553400.0
2023-03-20,382.11224365234375,393.739990234375,394.1700134277344,390.07000732421875,390.79998779296875,93055800.0
2023-03-21,387.12957763671875,398.9100036621094,399.4100036621094,395.5799865722656,397.239990234375,91524200.0
2023-03-22,380.5303649902344,392.1099853515625,402.489990234375,392.07000732421875,398.7300109863281,111746600.0
2023-03-23,381.5591125488281,393.1700134277344,399.2900085449219,390.3500061035156,395.0899963378906,119351300.0
2023-03-24,384.06292724609375,395.75,395.8399963378906,389.3999938964844,391.8399963378906,107682400.0
2023-03-27,384.781005859375,396.489990234375,398.9200134277344,395.55999755859375,398.1199951171875,74010400.0
2023-03-28,383.9173583984375,395.6000061035156,396.489990234375,393.69000244140625,395.7699890136719,62871700.0
2023-03-29,389.4974670410156,401.3500061035156,401.6000061035156,398.67999267578125,399.92999267578125,77497900.0
2023-03-30,391.7781066894531,403.70001220703125,404.3500061035156,401.760009765625,404.0899963378906,69840000.0
2023-03-31,397.30010986328125,409.3900146484375,409.70001220703125,404.54998779296875,404.6600036621094,112062600.0
2023-04-03,398.81402587890625,410.95001220703125,411.3699951171875,408.44000244140625,408.8500061035156,67391100.0
2023-04-04,396.6014099121094,408.6700134277344,411.9200134277344,407.239990234375,411.6199951171875,66601500.0
2023-04-05,395.5629577636719,407.6000061035156,408.70001220703125,405.8800048828125,407.9100036621094,65200200.0
2023-04-06,397.10589599609375,409.19000244140625,409.4800109863281,405.67999267578125,406.7699890136719,63743300.0
2023-04-10,397.5135803222656,409.6099853515625,409.69000244140625,405.9700012207031,406.6099853515625,63681000.0
2023-04-11,397.6203308105469,409.7200012207031,411.17999267578125,408.9200134277344,410.260009765625,59297900.0
2023-04-12,395.9996337890625,408.04998779296875,412.1700134277344,407.44000244140625,411.8699951171875,86420400.0
2023-04-13,401.25958251953125,413.4700012207031,413.8399963378906,407.989990234375,409.17999267578125,85814800.0
2023-04-14,400.2793884277344,412.4599914550781,415.0899963378906,410.05999755859375,412.80999755859375,78161500.0
2023-04-17,401.7156982421875,413.94000244140625,413.9599914550781,411.0899963378906,412.3699951171875,66436400.0
2023-04-18,401.9777526855469,414.2099914550781,415.7200012207031,412.7799987792969,415.5799865722656,63560000.0
2023-04-19,401.9098205566406,414.1400146484375,415.0799865722656,412.1600036621094,412.2200012207031,55227300.0
2023-04-20,399.716552734375,411.8800048828125,413.70001220703125,410.2699890136719,411.2099914550781,75840400.0
2023-04-21,400.02716064453125,412.20001220703125,412.67999267578125,410.1700134277344,412.19000244140625,73457400.0
2023-04-24,400.44439697265625,412.6300048828125,413.07000732421875,410.6000061035156,411.989990234375,64332100.0
2023-04-25,394.0878601074219,406.0799865722656,411.1600036621094,406.0199890136719,410.5799865722656,97766700.0
2023-04-26,392.4186096191406,404.3599853515625,407.8399963378906,403.7799987792969,406.7200012207031,80447000.0
2023-04-27,400.23089599609375,412.4100036621094,412.69000244140625,406.739990234375,407.0,92968400.0
2023-04-28,403.64691162109375,415.92999267578125,415.94000244140625,411.42999267578125,411.489990234375,89433100.0
2023-05-01,403.2393493652344,415.510009765625,417.6199951171875,415.2699890136719,415.4700012207031,62122300.0
2023-05-02,398.70721435546875,410.8399963378906,414.82000732421875,407.82000732421875,414.7699890136719,103998500.0
2023-05-03,395.97052001953125,408.0199890136719,413.8699951171875,407.7699890136719,411.3599853515625,91531800.0
2023-05-04,393.1658935546875,405.1300048828125,407.2699890136719,403.739990234375,406.92999267578125,94901900.0
2023-05-05,400.44439697265625,412.6300048828125,413.7200012207031,408.6400146484375,408.9100036621094,87891800.0
2023-05-08,400.55108642578125,412.739990234375,413.239990234375,411.2799987792969,412.9700012207031,50046800.0
2023-05-09,398.7945861816406,410.92999267578125,412.0899963378906,410.69000244140625,411.1300048828125,49220100.0
2023-05-10,400.65789794921875,412.8500061035156,414.5400085449219,408.8699951171875,413.8800048828125,96142900.0
2023-05-11,399.9591064453125,412.1300048828125,412.42999267578125,409.9700012207031,411.95001220703125,70157100.0
2023-05-12,399.43511962890625,411.5899963378906,413.6400146484375,409.07000732421875,413.4200134277344,70481500.0
2023-05-15,400.8132019042969,413.010009765625,413.42999267578125,410.2300109863281,412.2200012207031,54289400.0
2023-05-16,398.1346130371094,410.25,412.82000732421875,410.239990234375,411.8599853515625,57705500.0
2023-05-17,402.9676513671875,415.2300109863281,415.8599853515625,410.6400146484375,412.3500061035156,87287000.0
2023-05-18,406.8494873046875,419.2300109863281,419.6700134277344,414.6700134277344,414.8999938964844,97177200.0
2023-05-19,406.2574768066406,418.6199951171875,420.7200012207031,417.3500061035156,420.1700134277344,103793300.0
2023-05-22,406.4224548339844,418.7900085449219,420.3900146484375,417.3500061035156,418.6400146484375,60745400.0
2023-05-23,401.8612060546875,414.0899963378906,418.7200012207031,413.67999267578125,417.0799865722656,86383500.0
2023-05-24,398.9498596191406,411.0899963378906,412.82000732421875,409.8800048828125,412.4200134277344,89213700.0
2023-05-25,402.4047546386719,414.6499938964844,416.1600036621094,412.4100036621094,414.739990234375,90961600.0
2023-05-26,407.6161193847656,420.0199890136719,420.7699890136719,415.25,415.3299865722656,93830000.0
2023-05-30,407.7713928222656,420.17999267578125,422.5799865722656,418.739990234375,422.0299987792969,72216000.0
2023-05-31,405.51025390625,417.8500061035156,419.2200012207031,416.2200012207031,418.2799987792969,110811800.0
2023-06-01,409.3630065917969,421.82000732421875,422.9200134277344,416.7900085449219,418.0899963378906,88865000.0
2023-06-02,415.2828674316406,427.9200134277344,428.739990234375,423.95001220703125,424.5,91426200.0
2023-06-05,414.487060546875,427.1000061035156,429.6199951171875,426.3699951171875,428.2799987792969,65460200.0
2023-06-06,415.3896484375,428.0299987792969,428.5799865722656,425.989990234375,426.6700134277344,64022200.0
2023-06-07,413.9532775878906,426.54998779296875,429.6199951171875,426.1099853515625,428.44000244140625,85373300.0
2023-06-08,416.4571228027344,429.1300048828125,429.6000061035156,425.82000732421875,426.6199951171875,61952800.0
2023-06-09,417.2043762207031,429.8999938964844,431.989990234375,428.8699951171875,429.9599914550781,85742800.0
2023-06-12,420.98919677734375,433.79998779296875,433.8800048828125,430.1700134277344,430.9200134277344,76104300.0
2023-06-13,423.76470947265625,436.6600036621094,437.3299865722656,434.6300048828125,435.32000732421875,95899700.0
2023-06-14,424.2693786621094,437.17999267578125,439.05999755859375,433.5899963378906,437.010009765625,100612100.0
2023-06-15,429.5293273925781,442.6000061035156,443.8999938964844,436.2300109863281,436.3299865722656,110303100.0
2023-06-16,428.0662536621094,439.4599914550781,443.6099853515625,438.9700012207031,443.0199890136719,114165800.0
2023-06-20,425.8453674316406,437.17999267578125,438.3699951171875,435.0299987792969,437.45001220703125,76160400.0
2023-06-21,423.6634216308594,434.94000244140625,436.989990234375,434.3299865722656,436.1600036621094,76982300.0
2023-06-22,425.19281005859375,436.510009765625,436.6199951171875,433.6000061035156,433.95001220703125,70637200.0
2023-06-23,421.9783020019531,433.2099914550781,435.05999755859375,432.4700012207031,432.92999267578125,92074500.0
2023-06-26,420.2541809082031,431.44000244140625,434.6099853515625,431.19000244140625,432.6199951171875,72823600.0
2023-06-27,424.8616027832031,436.1700134277344,436.80999755859375,431.8800048828125,432.3500061035156,72813700.0
2023-06-28,425.0758972167969,436.3900146484375,437.44000244140625,434.4100036621094,435.04998779296875,75636000.0
2023-06-29,426.75128173828125,438.1099853515625,438.2799987792969,435.5400085449219,435.9599914550781,67882300.0
2023-06-30,431.7872314453125,443.2799987792969,444.29998779296875,441.1099853515625,441.44000244140625,104964000.0
2023-07-03,432.28399658203125,443.7900085449219,444.0799865722656,442.6300048828125,442.9200134277344,32793400.0
2023-07-05,431.64111328125,443.1300048828125,443.8900146484375,441.8999938964844,441.9100036621094,58418400.0
2023-07-06,428.2610778808594,439.6600036621094,440.1000061035156,437.05999755859375,439.4200134277344,80658300.0
2023-07-07,427.1798400878906,438.54998779296875,442.6400146484375,438.29998779296875,438.6300048828125,86134200.0
2023-07-10,428.2610778808594,439.6600036621094,439.8399963378906,437.5899963378906,438.17999267578125,62443500.0
2023-07-11,430.9884948730469,442.4599914550781,442.9700012207031,439.44000244140625,440.45001220703125,64463800.0
2023-07-12,434.4561462402344,446.0199890136719,447.4800109863281,444.9100036621094,446.3900146484375,91924500.0
2023-07-13,437.9043884277344,449.55999755859375,450.3800048828125,447.45001220703125,447.8999938964844,72425200.0
2023-07-14,437.6316833496094,449.2799987792969,451.3599853515625,448.489990234375,450.4800109863281,69815800.0
2023-07-17,439.1512145996094,450.8399963378906,451.92999267578125,449.0799865722656,449.1300048828125,52680200.0
2023-07-18,442.4143371582031,454.19000244140625,454.8599853515625,450.04998779296875,450.5,80668200.0
2023-07-19,443.398193359375,455.20001220703125,456.42999267578125,454.1099853515625,455.010009765625,65891700.0
2023-07-20,440.4564208984375,452.17999267578125,455.1000061035156,451.44000244140625,454.1700134277344,70591600.0
2023-07-21,440.4564208984375,452.17999267578125,454.1700134277344,452.1700134277344,453.9599914550781,71275600.0
2023-07-24,442.4241027832031,454.20001220703125,455.0400085449219,452.29998779296875,453.3699951171875,54023400.0
2023-07-25,443.6319885253906,455.44000244140625,456.739990234375,453.8699951171875,453.9200134277344,55191200.0
2023-07-26,443.70013427734375,455.510009765625,456.989990234375,453.3800048828125,454.4700012207031,71052900.0
2023-07-27,440.7584228515625,452.489990234375,459.44000244140625,451.54998779296875,459.0199890136719,92194400.0
2023-07-28,445.0735778808594,456.9200134277344,457.7799987792969,452.489990234375,455.8800048828125,80011800.0
2023-07-31,445.9210510253906,457.7900085449219,458.1600036621094,456.04998779296875,457.4100036621094,62040400.0
2023-08-01,444.64495849609375,456.4800109863281,457.25,455.489990234375,456.2699890136719,55291500.0
2023-08-02,438.4596252441406,450.1300048828125,453.5199890136719,449.3500061035156,453.25,93933400.0
2023-08-03,437.20306396484375,448.8399963378906,450.7900085449219,447.3699951171875,448.0400085449219,64276100.0
2023-08-04,435.2257080078125,446.80999755859375,452.8999938964844,446.2699890136719,450.7200012207031,100128900.0
2023-08-07,439.0245666503906,450.7099914550781,450.8699951171875,447.989990234375,448.7099914550781,58357500.0
2023-08-08,437.1153564453125,448.75,450.70001220703125,445.2699890136719,448.0799865722656,71361300.0
2023-08-09,434.19317626953125,445.75,449.20001220703125,444.9599914550781,449.0299987792969,78789600.0
2023-08-10,434.3490295410156,445.9100036621094,451.70001220703125,444.70001220703125,448.19000244140625,93005500.0
2023-08-11,434.0958251953125,445.6499938964844,446.70001220703125,443.3500061035156,443.9700012207031,68690900.0
2023-08-14,436.4919738769531,448.1099853515625,448.1099853515625,444.3800048828125,444.70001220703125,47867400.0
2023-08-15,431.4073181152344,442.8900146484375,446.6400146484375,442.29998779296875,446.2699890136719,75707500.0
2023-08-16,428.2416076660156,439.6400146484375,444.17999267578125,439.5299987792969,442.4599914550781,80107200.0
2023-08-17,424.97845458984375,436.2900085449219,441.42999267578125,435.75,441.1600036621094,95711300.0
2023-08-18,425.18304443359375,436.5,437.57000732421875,433.010009765625,433.3699951171875,98852000.0
2023-08-21,427.9493408203125,439.3399963378906,440.1099853515625,435.32000732421875,437.54998779296875,68719000.0
2023-08-22,426.7901916503906,438.1499938964844,441.17999267578125,437.57000732421875,441.17999267578125,64994200.0
2023-08-23,431.543701171875,443.0299987792969,443.6700134277344,439.1000061035156,439.25,68441000.0
2023-08-24,425.5628967285156,436.8900146484375,445.2200012207031,436.8599853515625,444.69000244140625,88517300.0
2023-08-25,428.5630798339844,439.9700012207031,441.29998779296875,435.0,438.67999267578125,102325100.0
2023-08-28,431.2807312011719,442.760009765625,443.3999938964844,439.9700012207031,442.239990234375,61595400.0
2023-08-29,437.5148010253906,449.1600036621094,449.45001220703125,442.4599914550781,442.6499938964844,83081900.0
2023-08-30,439.31683349609375,451.010009765625,451.6700134277344,448.7799987792969,449.510009765625,69053900.0
2023-08-31,438.6739501953125,450.3500061035156,452.8299865722656,450.1600036621094,451.6499938964844,66084600.0
2023-09-01,439.4921569824219,451.19000244140625,453.6700134277344,449.67999267578125,453.1700134277344,58944100.0
2023-09-05,437.5926818847656,449.239990234375,451.05999755859375,449.1700134277344,450.7300109863281,55166200.0
2023-09-06,434.6510009765625,446.2200012207031,448.510009765625,443.80999755859375,448.3999938964844,70758500.0
2023-09-07,433.3164978027344,444.8500061035156,445.54998779296875,442.75,443.1099853515625,70355400.0
2023-09-08,433.96917724609375,445.5199890136719,447.1099853515625,444.5299987792969,444.8999938964844,61659700.0
2023-09-11,436.8232116699219,448.45001220703125,448.7699890136719,446.4700012207031,448.239990234375,60180100.0
2023-09-12,434.42694091796875,445.989990234375,448.5299987792969,445.3900146484375,446.95001220703125,67565400.0
2023-09-13,434.9334716796875,446.510009765625,447.7099914550781,445.0799865722656,446.2200012207031,60199300.0
2023-09-14,438.68365478515625,450.3599853515625,451.0799865722656,447.7200012207031,449.07000732421875,83430800.0
2023-09-15,433.3982849121094,443.3699951171875,447.4800109863281,442.9200134277344,447.1400146484375,111848900.0
2023-09-18,433.65240478515625,443.6300048828125,444.9700012207031,442.55999755859375,443.04998779296875,55752200.0
2023-09-19,432.75311279296875,442.7099914550781,443.2900085449219,439.94000244140625,442.67999267578125,66514600.0
2023-09-20,428.7746276855469,438.6400146484375,444.44000244140625,438.42999267578125,444.010009765625,82562600.0
2023-09-21,421.68768310546875,431.3900146484375,435.9700012207031,431.2300109863281,435.70001220703125,104095800.0
2023-09-22,420.739501953125,430.4200134277344,434.1000061035156,429.989990234375,432.45001220703125,100829700.0
2023-09-25,422.5087890625,432.2300109863281,432.2699890136719,428.7200012207031,429.1700134277344,70874500.0
2023-09-26,416.3016357421875,425.8800048828125,429.82000732421875,425.0199890136719,429.0899963378906,96168400.0
2023-09-27,416.4677734375,426.04998779296875,427.6700134277344,422.2900085449219,427.0899963378906,104705800.0
2023-09-28,418.8822326660156,428.5199890136719,430.25,424.8699951171875,425.4800109863281,92258300.0
2023-09-29,417.86566162109375,427.4800109863281,431.8500061035156,425.9100036621094,431.6700134277344,115111300.0
2023-10-02,417.6994934082031,427.30999755859375,428.6000061035156,424.4599914550781,426.6199951171875,83798600.0
2023-10-03,412.1081237792969,421.5899963378906,427.3699951171875,420.17999267578125,425.05999755859375,103760600.0
2023-10-04,415.10906982421875,424.6600036621094,425.42999267578125,420.55999755859375,422.07000732421875,87453000.0
2023-10-05,414.9526672363281,424.5,425.3699951171875,421.1700134277344,424.3599853515625,70142700.0
2023-10-06,419.87939453125,429.5400085449219,431.1300048828125,420.6000061035156,421.9700012207031,113273300.0
2023-10-09,422.56744384765625,432.2900085449219,432.8800048828125,427.010009765625,427.5799865722656,80374400.0
2023-10-10,424.766845703125,434.5400085449219,437.2200012207031,432.5299987792969,432.94000244140625,78607300.0
2023-10-11,426.5068054199219,436.32000732421875,436.5799865722656,433.17999267578125,435.6400146484375,62451700.0
2023-10-12,423.90667724609375,433.6600036621094,437.3399963378906,431.2300109863281,436.95001220703125,81154200.0
2023-10-13,421.79522705078125,431.5,436.45001220703125,429.8800048828125,435.2099914550781,95143100.0
2023-10-16,426.2331237792969,436.0400085449219,437.1400146484375,433.57000732421875,433.82000732421875,75433200.0
2023-10-17,426.2135314941406,436.0199890136719,438.1400146484375,432.45001220703125,432.80999755859375,75324700.0
2023-10-18,420.53424072265625,430.2099914550781,435.17999267578125,429.0899963378906,434.19000244140625,93559800.0
2023-10-19,416.8392333984375,426.42999267578125,432.82000732421875,425.7300109863281,430.95001220703125,121323000.0
2023-10-20,411.71710205078125,421.19000244140625,426.5400085449219,421.0799865722656,425.9800109863281,123919900.0
2023-10-23,411.0035400390625,420.4599914550781,424.45001220703125,417.79998779296875,419.6099853515625,92035100.0
2023-10-24,414.1021728515625,423.6300048828125,424.82000732421875,420.739990234375,422.6499938964844,78564200.0
2023-10-25,408.15899658203125,417.54998779296875,421.9200134277344,417.0199890136719,421.8900146484375,94223200.0
2023-10-26,403.27142333984375,412.54998779296875,417.3299865722656,411.6000061035156,416.45001220703125,115156800.0
2023-10-27,401.4434814453125,410.67999267578125,414.6000061035156,409.2099914550781,414.19000244140625,107367700.0
2023-10-30,406.2430725097656,415.5899963378906,416.67999267578125,412.2200012207031,413.55999755859375,86562700.0
2023-10-31,408.7944030761719,418.20001220703125,418.5299987792969,414.2099914550781,416.17999267578125,79665200.0
2023-11-01,413.154052734375,422.6600036621094,423.5,418.6499938964844,419.20001220703125,98068100.0
2023-11-02,421.0718994140625,430.760009765625,430.9200134277344,426.55999755859375,426.5799865722656,94938900.0
2023-11-03,424.91351318359375,434.69000244140625,436.2900085449219,433.010009765625,433.1400146484375,100167800.0
2023-11-06,425.8909912109375,435.69000244140625,436.1499938964844,433.67999267578125,435.4700012207031,67831700.0
2023-11-07,427.10308837890625,436.92999267578125,437.5899963378906,434.510009765625,435.69000244140625,64256100.0
2023-11-08,427.4158935546875,437.25,438.0899963378906,434.8699951171875,437.54998779296875,61746000.0
2023-11-09,424.08258056640625,433.8399963378906,438.4700012207031,433.3999938964844,438.42999267578125,83174400.0
2023-11-10,430.7003173828125,440.6099853515625,440.92999267578125,433.8299865722656,435.9800109863281,89462200.0
2023-11-13,430.2897644042969,440.19000244140625,441.3299865722656,438.4200134277344,439.2300109863281,52236100.0
2023-11-14,438.6376953125,448.7300109863281,450.05999755859375,446.0899963378906,446.32000732421875,97176900.0
2023-11-15,439.5663146972656,449.67999267578125,451.3800048828125,448.79998779296875,450.1099853515625,77327600.0
2023-11-16,440.10400390625,450.2300109863281,450.55999755859375,448.1199951171875,449.2200012207031,66665800.0
2023-11-17,440.65142822265625,450.7900085449219,451.4200134277344,449.2900085449219,450.239990234375,83133200.0
2023-11-20,444.0433654785156,454.260009765625,455.1300048828125,450.5199890136719,450.5299987792969,69936200.0
2023-11-21,443.0755615234375,453.2699890136719,454.1300048828125,451.9599914550781,453.17999267578125,49244600.0
2023-11-22,444.7862548828125,455.0199890136719,456.3800048828125,453.8900146484375,454.9800109863281,59394900.0
2023-11-24,445.0599365234375,455.29998779296875,455.5,454.7300109863281,455.07000732421875,29737400.0
2023-11-27,444.2583923339844,454.4800109863281,455.489990234375,454.0799865722656,454.6499938964844,50506000.0
2023-11-28,444.6982116699219,454.92999267578125,456.2699890136719,453.5,454.0799865722656,62115000.0
2023-11-29,444.38543701171875,454.6099853515625,458.32000732421875,454.20001220703125,457.1499938964844,63146000.0
2023-11-30,446.13525390625,456.3999938964844,456.760009765625,453.3399963378906,455.4800109863281,79752700.0
2023-12-01,448.77447509765625,459.1000061035156,459.6499938964844,455.1600036621094,455.7699890136719,89183400.0
2023-12-04,446.4186706542969,456.69000244140625,459.1199951171875,454.3399963378906,455.6000061035156,72430900.0
2023-12-05,446.3307189941406,456.6000061035156,457.5899963378906,454.8699951171875,455.260009765625,69793500.0
2023-12-06,444.5321044921875,454.760009765625,458.8399963378906,454.30999755859375,458.80999755859375,69124700.0
2023-12-07,447.9240417480469,458.2300109863281,458.8999938964844,456.2900085449219,456.9100036621094,66995400.0
2023-12-08,449.8497619628906,460.20001220703125,460.75,457.2099914550781,457.4599914550781,83194400.0
2023-12-11,451.5994567871094,461.989990234375,462.1700134277344,459.4700012207031,459.69000244140625,65002200.0
2023-12-12,453.6620178222656,464.1000061035156,464.20001220703125,460.6000061035156,461.6300048828125,68327600.0
2023-12-13,459.9180603027344,470.5,470.760009765625,464.1199951171875,464.489990234375,93278000.0
2023-12-14,461.3941650390625,472.010009765625,473.7300109863281,469.25,472.5,119026000.0
2023-12-15,460.63446044921875,469.3299865722656,470.70001220703125,467.42999267578125,469.489990234375,141553700.0
2023-12-18,463.2255554199219,471.9700012207031,472.9800109863281,469.8900146484375,470.9800109863281,70375300.0
2023-12-19,466.0423583984375,474.8399963378906,474.9200134277344,472.45001220703125,472.5299987792969,55761800.0
2023-12-20,459.5843200683594,468.260009765625,475.8999938964844,467.82000732421875,473.9599914550781,102921000.0
2023-12-21,463.9420471191406,472.70001220703125,472.9800109863281,468.8399963378906,471.3299865722656,86667500.0
2023-12-22,464.87445068359375,473.6499938964844,475.3800048828125,471.70001220703125,473.8599853515625,67160400.0
2023-12-26,466.83734130859375,475.6499938964844,476.5799865722656,473.989990234375,474.07000732421875,55387000.0
2023-12-27,467.6814270019531,476.510009765625,476.6600036621094,474.8900146484375,475.44000244140625,68000300.0
2023-12-28,467.85809326171875,476.69000244140625,477.54998779296875,476.260009765625,476.8800048828125,77158100.0
2023-12-29,466.503662109375,475.30999755859375,477.0299987792969,473.29998779296875,476.489990234375,122283100.0
2024-01-02,463.8929443359375,472.6499938964844,473.6700134277344,470.489990234375,472.1600036621094,123623700.0
2024-01-03,460.1044616699219,468.7900085449219,471.19000244140625,468.1700134277344,470.42999267578125,103585900.0
2024-01-04,458.6224060058594,467.2799987792969,470.9599914550781,467.04998779296875,468.29998779296875,84232200.0
2024-01-05,459.25054931640625,467.9200134277344,470.44000244140625,466.42999267578125,467.489990234375,86118900.0
2024-01-08,465.80682373046875,474.6000061035156,474.75,468.29998779296875,468.42999267578125,74879100.0
2024-01-09,465.1001281738281,473.8800048828125,474.92999267578125,471.3500061035156,471.8699951171875,65931400.0
2024-01-10,467.73046875,476.55999755859375,477.45001220703125,473.8699951171875,474.1600036621094,67310600.0
2024-01-11,467.5244445800781,476.3500061035156,478.1199951171875,472.260009765625,477.5899963378906,77940700.0
2024-01-12,467.8482666015625,476.67999267578125,478.6000061035156,475.2300109863281,477.8399963378906,58026400.0
2024-01-16,466.1307373046875,474.92999267578125,476.6099853515625,473.05999755859375,475.260009765625,85014900.0
2024-01-17,463.5396423339844,472.2900085449219,472.7900085449219,469.8699951171875,471.82000732421875,68843900.0
2024-01-18,467.6617736816406,476.489990234375,477.05999755859375,472.4200134277344,474.010009765625,91856200.0
2024-01-19,473.49169921875,482.42999267578125,482.7200012207031,476.5400085449219,477.6499938964844,110834500.0
2024-01-22,474.49285888671875,483.45001220703125,485.2200012207031,482.7799987792969,484.010009765625,75844900.0
2024-01-23,475.876708984375,484.8599853515625,485.1099853515625,482.8900146484375,484.010009765625,49945300.0
2024-01-24,476.39691162109375,485.3900146484375,488.7699890136719,484.8800048828125,487.80999755859375,81765000.0
2024-01-25,478.9880065917969,488.0299987792969,488.30999755859375,485.3900146484375,487.5799865722656,72525000.0
2024-01-26,478.3795166015625,487.4100036621094,489.1199951171875,486.5400085449219,487.5899963378906,76641600.0
2024-01-29,482.16796875,491.2699890136719,491.4200134277344,487.1700134277344,487.7300109863281,61322800.0
2024-01-30,481.7950439453125,490.8900146484375,491.6199951171875,490.1099853515625,490.55999755859375,58618400.0
2024-01-31,473.9334411621094,482.8800048828125,489.0799865722656,482.8599853515625,488.6199951171875,126011100.0
2024-02-01,480.1363525390625,489.20001220703125,489.2300109863281,483.79998779296875,484.6300048828125,91891600.0
2024-02-02,485.19091796875,494.3500061035156,496.04998779296875,489.29998779296875,489.6499938964844,99228200.0
2024-02-05,483.42425537109375,492.54998779296875,494.3800048828125,490.2300109863281,493.70001220703125,75757100.0
2024-02-06,484.8277893066406,493.9800109863281,494.32000732421875,492.04998779296875,493.5199890136719,55918600.0
2024-02-07,488.8714294433594,498.1000061035156,498.5299987792969,495.3599853515625,496.2900085449219,70556500.0
2024-02-08,489.0873718261719,498.32000732421875,498.7099914550781,497.260009765625,498.1000061035156,52343600.0
2024-02-09,491.9139709472656,501.20001220703125,501.6499938964844,498.489990234375,498.8399963378906,63979400.0
2024-02-12,491.6980285644531,500.9800109863281,503.5,500.239990234375,501.1700134277344,56502300.0
2024-02-13,484.9259033203125,494.0799865722656,497.0899963378906,490.7200012207031,494.5299987792969,113099200.0
2024-02-14,489.3327331542969,498.57000732421875,499.07000732421875,494.3999938964844,496.7900085449219,68387800.0
2024-02-15,492.708984375,502.010009765625,502.20001220703125,498.79998779296875,499.2900085449219,61683000.0
2024-02-16,490.2553405761719,499.510009765625,502.8699951171875,498.75,501.70001220703125,75532900.0
2024-02-20,487.5562438964844,496.760009765625,498.4100036621094,494.45001220703125,497.7200012207031,71736700.0
2024-02-21,487.9978942871094,497.2099914550781,497.3699951171875,493.55999755859375,495.4200134277344,59293400.0
2024-02-22,498.0973205566406,507.5,508.489990234375,503.0199890136719,504.010009765625,76402500.0
2024-02-23,498.4407653808594,507.8500061035156,510.1300048828125,507.1000061035156,509.2699890136719,61321800.0
2024-02-26,496.6152648925781,505.989990234375,508.75,505.8599853515625,508.29998779296875,50386700.0
2024-02-27,497.53778076171875,506.92999267578125,507.1600036621094,504.75,506.70001220703125,48854500.0
2024-02-28,496.8802490234375,506.260009765625,506.8599853515625,504.9599914550781,505.3299865722656,56506600.0
2024-02-29,498.66650390625,508.0799865722656,509.739990234375,505.3500061035156,508.07000732421875,83924800.0
2024-03-01,503.3481140136719,512.8499755859375,513.2899780273438,508.55999755859375,508.9800109863281,76844800.0
2024-03-04,502.8083190917969,512.2999877929688,514.2000122070312,512.0,512.030029296875,49799300.0
2024-03-05,497.783203125,507.17999267578125,510.70001220703125,504.9100036621094,510.239990234375,72855600.0
2024-03-06,500.3055725097656,509.75,512.0700073242188,508.4200134277344,510.54998779296875,68382400.0
2024-03-07,505.27178955078125,514.8099975585938,515.8900146484375,509.80999755859375,513.1400146484375,58652100.0
2024-03-08,502.2391052246094,511.7200012207031,518.219970703125,511.1300048828125,515.4600219726562,86532500.0
2024-03-11,501.8072204589844,511.2799987792969,511.8800048828125,508.5,510.4800109863281,62557200.0
2024-03-12,507.20538330078125,516.780029296875,517.3800048828125,510.8599853515625,513.4500122070312,73114400.0
2024-03-13,506.4102478027344,515.969970703125,517.2899780273438,514.489990234375,517.1099853515625,55104100.0
2024-03-14,505.40924072265625,514.9500122070312,517.1300048828125,511.82000732421875,516.969970703125,110171800.0
2024-03-15,501.9388122558594,509.8299865722656,511.70001220703125,508.1199951171875,510.2099914550781,107646300.0
2024-03-18,504.921875,512.8599853515625,515.47998046875,512.4400024414062,514.0,88893300.0
2024-03-19,507.72784423828125,515.7100219726562,516.0,511.1199951171875,512.1500244140625,60755300.0
2024-03-20,512.4239501953125,520.47998046875,520.6199951171875,515.0800170898438,515.77001953125,69594600.0
2024-03-21,514.1173095703125,522.2000122070312,524.1099853515625,521.9099731445312,523.3900146484375,60256100.0
2024-03-22,513.142578125,521.2100219726562,522.6099853515625,520.969970703125,522.1099853515625,79070800.0
2024-03-25,511.7249450683594,519.77001953125,520.9500122070312,519.6099853515625,519.7999877929688,48512100.0
2024-03-26,510.77978515625,518.8099975585938,521.5800170898438,518.4000244140625,521.22998046875,65463700.0
2024-03-27,515.0723266601562,523.1699829101562,523.2100219726562,519.489990234375,521.7100219726562,82999800.0
2024-03-28,514.973876953125,523.0700073242188,524.6099853515625,522.780029296875,523.2100219726562,96294900.0
2024-04-01,514.077880859375,522.1599731445312,524.3800048828125,520.969970703125,523.8300170898438,62477500.0
2024-04-02,510.8094177246094,518.8400268554688,518.97998046875,516.47998046875,518.239990234375,74230300.0
2024-04-03,511.3704528808594,519.4099731445312,520.9500122070312,517.6699829101562,517.719970703125,59155800.0
2024-04-04,505.128662109375,513.0700073242188,523.8699951171875,512.760009765625,523.52001953125,96858100.0
2024-04-05,510.4056701660156,518.4299926757812,520.4400024414062,514.010009765625,514.4600219726562,74546500.0
2024-04-08,510.6911315917969,518.719970703125,520.1799926757812,517.8900146484375,519.1500244140625,48401800.0
2024-04-09,511.281982421875,519.3200073242188,520.75,514.3499755859375,520.5,68049200.0
2024-04-10,506.1623840332031,514.1199951171875,516.1599731445312,512.0900268554688,513.47998046875,82652800.0
2024-04-11,509.98236083984375,518.0,519.47998046875,512.0800170898438,515.6799926757812,70099000.0
2024-04-12,502.9430236816406,510.8500061035156,515.8200073242188,509.0799865722656,514.3699951171875,92561100.0
2024-04-15,496.64208984375,504.45001220703125,515.2999877929688,503.5799865722656,515.1300048828125,92101400.0
2024-04-16,495.7362976074219,503.5299987792969,506.5,502.2099914550781,504.94000244140625,73484000.0
2024-04-17,492.80242919921875,500.54998779296875,506.2200012207031,499.1199951171875,506.04998779296875,75910300.0
2024-04-18,491.7884216308594,499.5199890136719,504.1300048828125,498.55999755859375,501.9800109863281,74548100.0
2024-04-19,487.49591064453125,495.1600036621094,500.4599914550781,493.8599853515625,499.44000244140625,102212600.0
2024-04-22,491.98529052734375,499.7200012207031,502.3800048828125,495.42999267578125,497.8299865722656,67961000.0
2024-04-23,497.823486328125,505.6499938964844,506.0899963378906,499.5299987792969,501.7799987792969,64633600.0
2024-04-24,497.5871887207031,505.4100036621094,507.3699951171875,503.1300048828125,506.55999755859375,55928100.0
2024-04-25,495.6969299316406,503.489990234375,504.2699890136719,497.489990234375,499.17999267578125,69122400.0
2024-04-26,500.3930969238281,508.260009765625,509.8800048828125,505.70001220703125,506.3500061035156,64306100.0
2024-04-29,502.16522216796875,510.05999755859375,510.75,507.25,510.0899963378906,46415400.0
2024-04-30,494.2102966308594,501.9800109863281,509.55999755859375,501.9800109863281,508.55999755859375,77483600.0
2024-05-01,492.60552978515625,500.3500061035156,508.19000244140625,499.8699951171875,501.3800048828125,80242800.0
2024-05-02,497.2131042480469,505.0299987792969,505.8900146484375,499.54998779296875,504.1499938964844,62550200.0
2024-05-03,503.376220703125,511.2900085449219,512.5499877929688,508.55999755859375,511.1600036621094,72756700.0
2024-05-06,508.5744934082031,516.5700073242188,516.6099853515625,513.2999877929688,513.75,47264700.0
2024-05-07,509.13568115234375,517.1400146484375,518.5700073242188,516.4500122070312,517.5599975585938,52561300.0
2024-05-08,509.18487548828125,517.1900024414062,517.739990234375,515.1400146484375,515.260009765625,42047200.0
2024-05-09,512.1187133789062,520.1699829101562,520.2100219726562,516.7100219726562,517.3800048828125,43643700.0
2024-05-10,512.7784423828125,520.8400268554688,522.6400146484375,519.5900268554688,521.8099975585938,52233200.0
2024-05-13,512.8472900390625,520.9099731445312,522.6699829101562,519.739990234375,522.5599975585938,36716400.0
2024-05-14,515.2002563476562,523.2999877929688,523.8300170898438,520.5599975585938,521.1099853515625,57535900.0
2024-05-15,521.5799560546875,529.780029296875,530.0800170898438,525.1799926757812,525.8300170898438,59504900.0
2024-05-16,520.5068969726562,528.6900024414062,531.52001953125,528.5399780273438,529.8800048828125,50244800.0
2024-05-17,521.255126953125,529.4500122070312,529.52001953125,527.3200073242188,528.8099975585938,59187600.0
2024-05-20,521.855712890625,530.0599975585938,531.5599975585938,529.1699829101562,529.5700073242188,37764200.0
2024-05-21,523.1355590820312,531.3599853515625,531.52001953125,529.0700073242188,529.280029296875,33437000.0
2024-05-22,521.6293334960938,529.8300170898438,531.3800048828125,527.5999755859375,530.6500244140625,48390000.0
2024-05-23,517.8191528320312,525.9600219726562,533.0700073242188,524.719970703125,532.9600219726562,57211200.0
2024-05-24,521.2453002929688,529.4400024414062,530.27001953125,526.8800048828125,527.8499755859375,41291100.0
2024-05-28,521.609619140625,529.8099975585938,530.510009765625,527.1099853515625,530.27001953125,36269600.0
2024-05-29,517.9569702148438,526.0999755859375,527.3099975585938,525.3699951171875,525.6799926757812,45190300.0
2024-05-30,514.5209350585938,522.6099853515625,525.2000122070312,521.3300170898438,524.52001953125,46377600.0
2024-05-31,519.2073974609375,527.3699951171875,527.5,518.3599853515625,523.5900268554688,90785800.0
2024-06-03,519.630615234375,527.7999877929688,529.3099975585938,522.5999755859375,529.02001953125,46835700.0
2024-06-04,520.2115478515625,528.3900146484375,529.1500244140625,524.9600219726562,526.4600219726562,34632700.0
2024-06-05,526.394287109375,534.6699829101562,534.6900024414062,528.72998046875,530.77001953125,47610400.0
2024-06-06,526.3844604492188,534.6599731445312,535.4199829101562,532.6799926757812,534.97998046875,30808500.0
2024-06-07,525.7445678710938,534.010009765625,536.8900146484375,532.5399780273438,533.6599731445312,43224500.0
2024-06-10,527.3689575195312,535.6599731445312,535.989990234375,532.5700073242188,533.1799926757812,35686100.0
2024-06-11,528.6390380859375,536.9500122070312,537.010009765625,532.0499877929688,534.0700073242188,36383400.0
2024-06-12,532.9807739257812,541.3599853515625,544.1199951171875,540.2999877929688,541.6300048828125,63251300.0
2024-06-13,534.053955078125,542.4500122070312,543.3300170898438,539.5900268554688,543.1500244140625,44760900.0
2024-06-14,534.3788452148438,542.780029296875,542.8099975585938,539.8499755859375,540.8800048828125,40089900.0
2024-06-17,538.6318969726562,547.0999755859375,548.530029296875,541.6099853515625,542.0800170898438,55839500.0
2024-06-18,540.0004272460938,548.489990234375,548.6199951171875,546.72998046875,547.1599731445312,41376400.0
2024-06-20,538.533447265625,547.0,550.1199951171875,545.1799926757812,549.4400024414062,70328200.0
2024-06-21,537.8115234375,544.510009765625,545.6500244140625,543.02001953125,544.4000244140625,64338600.0
2024-06-24,536.0632934570312,542.739990234375,546.9500122070312,542.6199951171875,544.3300170898438,45528700.0
2024-06-25,538.1275634765625,544.8300170898438,545.2000122070312,542.4400024414062,543.989990234375,37936200.0
2024-06-26,538.7991943359375,545.510009765625,546.239990234375,543.030029296875,543.6900024414062,38550600.0
2024-06-27,539.6486206054688,546.3699951171875,546.9600219726562,544.6099853515625,545.3699951171875,35041500.0
2024-06-28,537.5250244140625,544.219970703125,550.280029296875,542.9500122070312,547.1599731445312,76144500.0
2024-07-01,538.6312866210938,545.3400268554688,545.8800048828125,542.52001953125,545.6300048828125,40297800.0
2024-07-02,542.2561645507812,549.010009765625,549.010009765625,543.6500244140625,543.7000122070312,40434800.0
2024-07-03,544.676025390625,551.4600219726562,551.8300170898438,548.6500244140625,548.6900024414062,32789900.0
2024-07-05,547.81689453125,554.6400146484375,555.0499877929688,551.1199951171875,551.77001953125,41488400.0
2024-07-08,548.4490356445312,555.280029296875,556.25,554.1900024414062,555.4400024414062,36110500.0
2024-07-09,548.9822998046875,555.8200073242188,557.1799926757812,555.52001953125,556.260009765625,27289700.0
2024-07-10,554.4146728515625,561.3200073242188,561.6699829101562,556.77001953125,557.0700073242188,38701200.0
2024-07-11,549.6342163085938,556.47998046875,562.3300170898438,555.8300170898438,561.4400024414062,53054200.0
2024-07-12,553.1010131835938,559.989990234375,563.6699829101562,557.1500244140625,557.6300048828125,53084400.0
2024-07-15,554.6221313476562,561.530029296875,564.8400268554688,559.6300048828125,562.030029296875,40584300.0
2024-07-16,557.9111328125,564.8599853515625,565.1599731445312,562.0999755859375,562.8699951171875,36475300.0
2024-07-17,550.088623046875,556.9400024414062,560.510009765625,556.6099853515625,558.7999877929688,57119000.0
2024-07-18,545.8612060546875,552.6599731445312,559.52001953125,550.4299926757812,558.510009765625,56270400.0
2024-07-19,542.2363891601562,548.989990234375,554.0800170898438,547.9099731445312,552.4199829101562,65509100.0
2024-07-22,547.8267822265625,554.6500244140625,555.27001953125,551.02001953125,553.0,43346700.0
2024-07-23,546.9674682617188,553.780029296875,556.739990234375,553.280029296875,554.5399780273438,34439600.0
2024-07-24,534.57177734375,541.22998046875,549.1699829101562,540.2899780273438,548.8599853515625,74515300.0
2024-07-25,531.7864990234375,538.4099731445312,547.4600219726562,537.4500122070312,541.3499755859375,61158300.0
2024-07-26,537.7423706054688,544.4400024414062,547.1900024414062,541.489990234375,542.280029296875,53763800.0
2024-07-29,538.0584106445312,544.760009765625,547.0499877929688,542.719970703125,546.02001953125,39515800.0
2024-07-30,535.3323364257812,542.0,547.3400268554688,538.52001953125,546.260009765625,46853600.0
2024-07-31,544.0339965820312,550.8099975585938,553.5,547.5800170898438,548.97998046875,65663400.0
2024-08-01,536.3299560546875,543.010009765625,554.8699951171875,539.4299926757812,552.5700073242188,76428700.0
2024-08-02,526.3443603515625,532.9000244140625,536.989990234375,528.5999755859375,535.75,82789100.0
2024-08-05,511.0152893066406,517.3800048828125,523.5800170898438,510.2699890136719,511.6400146484375,146267400.0
2024-08-06,515.7266235351562,522.1500244140625,529.75,517.8699951171875,519.219970703125,84826300.0
2024-08-07,512.2794189453125,518.6599731445312,531.5900268554688,518.0499877929688,528.469970703125,70698300.0
2024-08-08,524.1220703125,530.6500244140625,531.2899780273438,521.8400268554688,523.9099731445312,63276600.0
2024-08-09,526.4331665039062,532.989990234375,534.510009765625,528.5599975585938,529.8099975585938,45619600.0
2024-08-12,526.7098388671875,533.27001953125,535.72998046875,530.9500122070312,534.2100219726562,42542100.0
2024-08-13,535.371826171875,542.0399780273438,542.280029296875,536.280029296875,536.530029296875,52333100.0
2024-08-14,537.060791015625,543.75,544.9600219726562,540.1199951171875,542.8499755859375,42446900.0
2024-08-15,546.2661743164062,553.0700073242188,553.3599853515625,548.8800048828125,549.5,60846800.0
2024-08-16,547.4909057617188,554.3099975585938,555.02001953125,551.260009765625,551.4199829101562,44430700.0
2024-08-19,552.7257080078125,559.6099853515625,559.6099853515625,553.8599853515625,554.72998046875,39121800.0
2024-08-20,551.826904296875,558.7000122070312,560.8400268554688,557.3300170898438,559.1500244140625,33732300.0
2024-08-21,553.7232666015625,560.6199951171875,562.1099853515625,554.72998046875,559.77001953125,41514600.0
2024-08-22,549.3773803710938,556.219970703125,563.1799926757812,554.97998046875,562.5599975585938,56121500.0
2024-08-23,555.2146606445312,562.1300048828125,563.0900268554688,557.2899780273438,559.530029296875,50639400.0
2024-08-26,553.8912353515625,560.7899780273438,563.9099731445312,559.0499877929688,563.1799926757812,35788600.0
2024-08-27,554.6517333984375,561.5599975585938,562.0599975585938,558.3200073242188,559.489990234375,32693900.0
2024-08-28,551.4318237304688,558.2999877929688,561.6500244140625,555.0399780273438,561.2100219726562,41066000.0
2024-08-29,551.481201171875,558.3499755859375,563.6799926757812,557.1799926757812,560.3099975585938,38715200.0
2024-08-30,556.74560546875,563.6799926757812,564.2000122070312,557.1400146484375,560.77001953125,62700100.0
2024-09-03,545.2884521484375,552.0800170898438,560.8099975585938,549.510009765625,560.469970703125,60600100.0
2024-09-04,544.1723022460938,550.9500122070312,554.4299926757812,549.4600219726562,550.2000122070312,47224900.0
2024-09-05,542.8487548828125,549.6099853515625,553.7999877929688,547.0999755859375,550.8900146484375,44264300.0
2024-09-06,533.7125244140625,540.3599853515625,551.5999755859375,539.4400024414062,549.9400024414062,68493800.0
2024-09-09,539.6880493164062,546.4099731445312,547.7100219726562,542.6799926757812,544.6500244140625,40445800.0
2024-09-10,542.038818359375,548.7899780273438,549.1500244140625,543.3800048828125,548.3599853515625,36394600.0
2024-09-11,547.5995483398438,554.4199829101562,555.3599853515625,539.9600219726562,548.7000122070312,75248600.0
2024-09-12,552.212158203125,559.0900268554688,559.4000244140625,552.739990234375,555.010009765625,51819600.0
2024-09-13,555.09619140625,562.010009765625,563.030029296875,559.4500122070312,559.7100219726562,39310500.0
2024-09-16,555.916015625,562.8400268554688,563.1099853515625,559.9000244140625,561.739990234375,36656100.0
2024-09-17,556.1431274414062,563.0700073242188,566.5800170898438,560.7899780273438,565.0999755859375,49321000.0
2024-09-18,554.4937133789062,561.4000244140625,568.6900024414062,560.8300170898438,563.739990234375,59044900.0
2024-09-19,563.9558715820312,570.97998046875,572.8800048828125,568.0800170898438,571.010009765625,75315500.0
2024-09-20,562.9810180664062,568.25,569.3099975585938,565.1699829101562,567.8400268554688,77503100.0
2024-09-23,564.3877563476562,569.6699829101562,570.3300170898438,568.0999755859375,569.3400268554688,44116900.0
2024-09-24,566.0026245117188,571.2999877929688,571.3599853515625,567.5999755859375,570.47998046875,46805700.0
2024-09-25,564.75439453125,570.0399780273438,571.8900146484375,568.9099731445312,571.1400146484375,38428600.0
2024-09-26,566.993408203125,572.2999877929688,574.7100219726562,569.9000244140625,574.3800048828125,48336000.0
2024-09-27,566.1710815429688,571.469970703125,574.219970703125,570.4199829101562,573.3900146484375,42100900.0
2024-09-30,568.4398803710938,573.760009765625,574.3800048828125,568.0800170898438,570.4199829101562,63557400.0
2024-10-01,563.3475341796875,568.6199951171875,574.0599975585938,566.0,573.4000244140625,72668800.0
2024-10-02,563.5853271484375,568.8599853515625,569.9000244140625,565.27001953125,567.7100219726562,38097800.0
2024-10-03,562.5549926757812,567.8200073242188,569.7999877929688,565.489990234375,567.3599853515625,40846500.0
2024-10-04,567.6671142578125,572.97998046875,573.3599853515625,568.0999755859375,572.3499755859375,42939100.0
2024-10-07,562.53515625,567.7999877929688,571.9600219726562,566.6300048828125,571.2999877929688,49964700.0
2024-10-08,567.8554077148438,573.1699829101562,573.780029296875,569.530029296875,570.4199829101562,37398700.0
2024-10-09,571.78857421875,577.1400146484375,577.7100219726562,572.5499877929688,573.1599731445312,37912200.0
2024-10-10,570.7879028320312,576.1300048828125,577.5800170898438,574.489990234375,575.77001953125,44138100.0
2024-10-11,574.2059326171875,579.5800170898438,580.3300170898438,575.9099731445312,576.0499877929688,42268000.0
2024-10-14,578.9019775390625,584.3200073242188,585.27001953125,580.72998046875,581.219970703125,36217200.0
2024-10-15,574.404052734375,579.780029296875,584.9000244140625,578.5399780273438,584.5900268554688,54203600.0
2024-10-16,576.9006958007812,582.2999877929688,582.8300170898438,578.9600219726562,579.780029296875,30725400.0
2024-10-17,576.9501953125,582.3499755859375,586.1199951171875,582.1599731445312,585.9099731445312,34393700.0
2024-10-18,579.1694946289062,584.5900268554688,585.3900146484375,582.5800170898438,584.0700073242188,37416800.0
2024-10-21,578.2183837890625,583.6300048828125,584.8499755859375,580.5999755859375,583.8499755859375,36439000.0
2024-10-22,577.9112548828125,583.3200073242188,584.5,580.3800048828125,581.0499877929688,34183800.0
2024-10-23,572.6306762695312,577.989990234375,581.7100219726562,574.4199829101562,581.260009765625,49314600.0
2024-10-24,573.8690185546875,579.239990234375,580.0599975585938,576.5700073242188,579.97998046875,34979900.0
2024-10-25,573.6708984375,579.0399780273438,584.4600219726562,578.0800170898438,581.510009765625,47268200.0
2024-10-28,575.4443969726562,580.8300170898438,582.7100219726562,580.52001953125,582.5800170898438,30174700.0
2024-10-29,576.3756103515625,581.77001953125,582.9099731445312,578.4299926757812,579.8499755859375,42899700.0
2024-10-30,574.6319580078125,580.010009765625,583.3200073242188,579.2899780273438,581.2899780273438,41435800.0
2024-10-31,563.367431640625,568.6400146484375,575.6300048828125,568.4400024414062,575.5599975585938,60182500.0
2024-11-01,565.7451171875,571.0399780273438,575.5499877929688,570.6199951171875,571.3200073242188,45667500.0
2024-11-04,564.5264892578125,569.8099975585938,572.5,567.8900146484375,571.1799926757812,38217000.0
2024-11-05,571.3526611328125,576.7000122070312,576.739990234375,570.52001953125,570.739990234375,39478300.0
2024-11-06,585.5596923828125,591.0399780273438,591.9299926757812,585.3900146484375,589.2000122070312,68182000.0
2024-11-07,590.0872802734375,595.6099853515625,596.6500244140625,593.0,593.0800170898438,47233200.0
2024-11-08,592.6433715820312,598.1900024414062,599.6400146484375,596.1699829101562,596.1699829101562,46444900.0
2024-11-11,593.2080688476562,598.760009765625,600.1699829101562,597.0,599.8099975585938,37586800.0
2024-11-12,591.3654174804688,596.9000244140625,599.2899780273438,594.3699951171875,598.6799926757812,43006100.0
2024-11-13,591.6526489257812,597.1900024414062,599.22998046875,594.9600219726562,597.3699951171875,47388600.0
2024-11-14,587.8482055664062,593.3499755859375,597.8099975585938,592.6500244140625,597.3200073242188,38904100.0
2024-11-15,580.3187255859375,585.75,590.2000122070312,583.8599853515625,589.719970703125,75988800.0
2024-11-18,582.6964721679688,588.1500244140625,589.489990234375,585.3400268554688,586.219970703125,37001700.0
2024-11-19,584.8264770507812,590.2999877929688,591.0399780273438,584.030029296875,584.7100219726562,49412000.0
2024-11-20,585.024658203125,590.5,590.7899780273438,584.6300048828125,590.3800048828125,50032600.0
2024-11-21,588.165283203125,593.6699829101562,595.1199951171875,587.4500122070312,593.4000244140625,46750300.0
2024-11-22,589.9882202148438,595.510009765625,596.1500244140625,593.1500244140625,593.6599731445312,38226400.0
2024-11-25,591.9895629882812,597.530029296875,600.8599853515625,595.2000122070312,599.52001953125,42441400.0
2024-11-26,595.08056640625,600.6500244140625,601.3300170898438,598.0700073242188,598.7999877929688,45621300.0
2024-11-27,593.2774047851562,598.8300170898438,600.8499755859375,597.280029296875,600.4600219726562,34000200.0
2024-11-29,596.9629516601562,602.5499877929688,603.3499755859375,599.3800048828125,599.6599731445312,30177400.0
2024-12-02,598.032958984375,603.6300048828125,604.3200073242188,602.469970703125,602.969970703125,31746000.0
2024-12-03,598.3102416992188,603.9099731445312,604.1599731445312,602.3400268554688,603.3900146484375,26906600.0
2024-12-04,602.0255126953125,607.6599731445312,607.9099731445312,604.9500122070312,605.6300048828125,42787600.0
2024-12-05,601.0347900390625,606.6599731445312,608.47998046875,606.2999877929688,607.6599731445312,28762200.0
2024-12-06,602.1741333007812,607.8099975585938,609.0700073242188,607.02001953125,607.4400024414062,31241500.0
2024-12-09,599.0731201171875,604.6799926757812,607.8599853515625,604.0800170898438,607.6900024414062,34742700.0
2024-12-10,597.2106323242188,602.7999877929688,605.7999877929688,602.1300048828125,605.3699951171875,37234500.0
2024-12-11,601.827392578125,607.4600219726562,608.4299926757812,605.5,605.780029296875,28677700.0
2024-12-12,598.7264404296875,604.3300170898438,607.1599731445312,604.3300170898438,606.5800170898438,31543800.0
2024-12-13,598.6076049804688,604.2100219726562,607.1300048828125,602.8099975585938,606.4000244140625,35904700.0
2024-12-16,601.16357421875,606.7899780273438,607.780029296875,605.2100219726562,606.0,43695200.0
2024-12-17,598.686767578125,604.2899780273438,605.1699829101562,602.8900146484375,604.1900024414062,55773500.0
2024-12-18,580.8438110351562,586.280029296875,606.4099731445312,585.8900146484375,603.97998046875,108248700.0
2024-12-19,580.6654052734375,586.0999755859375,593.0,585.8499755859375,591.3599853515625,85919500.0
2024-12-20,587.6398315429688,591.1500244140625,595.75,580.9099731445312,581.77001953125,125716700.0
2024-12-23,591.1588134765625,594.6900024414062,595.2999877929688,587.6599731445312,590.8900146484375,57635800.0
2024-12-24,597.7295532226562,601.2999877929688,601.3400268554688,595.469970703125,596.0599975585938,33160100.0
2024-12-26,597.7693481445312,601.3400268554688,602.47998046875,598.0800170898438,599.5,41219100.0
2024-12-27,591.4768676757812,595.010009765625,597.780029296875,590.760009765625,597.5399780273438,64969300.0
2024-12-30,584.7271728515625,588.219970703125,591.739990234375,584.4099731445312,587.8900146484375,56578800.0
2024-12-31,582.5999145507812,586.0800170898438,590.6400146484375,584.4199829101562,589.9099731445312,57052700.0
2025-01-02,581.1685180664062,584.6400146484375,591.1300048828125,580.5,589.3900146484375,50204000.0
2025-01-03,588.43505859375,591.9500122070312,592.5999755859375,586.4299926757812,587.530029296875,37888500.0
2025-01-06,591.8248291015625,595.3599853515625,599.7000122070312,593.5999755859375,596.27001953125,47679400.0
2025-01-07,585.1348266601562,588.6300048828125,597.75,586.780029296875,597.4199829101562,60393100.0
2025-01-08,585.9896240234375,589.489990234375,590.5800170898438,585.2000122070312,588.7000122070312,47304700.0
2025-01-10,577.0430297851562,580.489990234375,585.9500122070312,578.5499877929688,585.8800048828125,73105000.0
2025-01-13,577.937744140625,581.3900146484375,581.75,575.3499755859375,575.77001953125,47910100.0
2025-01-14,578.7330322265625,582.1900024414062,585.0,578.3499755859375,584.3599853515625,48420600.0
2025-01-15,589.2601928710938,592.780029296875,593.9400024414062,589.2000122070312,590.3300170898438,56900200.0
2025-01-16,588.126953125,591.6400146484375,594.3499755859375,590.9299926757812,594.1699829101562,43319700.0
2025-01-17,594.0316772460938,597.5800170898438,599.3599853515625,595.6099853515625,596.9600219726562,58070600.0
2025-01-21,599.4691162109375,603.0499877929688,603.0599975585938,598.6699829101562,600.6699829101562,42532900.0
2025-01-22,602.8389892578125,606.4400024414062,607.8200073242188,605.3599853515625,605.9199829101562,48196000.0
2025-01-23,606.12939453125,609.75,609.75,605.52001953125,605.7999877929688,41152100.0
2025-01-24,604.35986328125,607.969970703125,610.780029296875,606.7999877929688,609.8099975585938,34604700.0
2025-01-27,595.8109741210938,599.3699951171875,599.6900024414062,594.6400146484375,594.8099975585938,70361100.0
2025-01-28,600.930419921875,604.52001953125,605.3699951171875,597.25,600.6199951171875,44433300.0
2025-01-29,598.2365112304688,601.8099975585938,604.1300048828125,599.219970703125,603.719970703125,37177400.0
2025-01-30,601.447265625,605.0399780273438,606.5999755859375,600.719970703125,603.9600219726562,39281300.0
2025-01-31,598.2463989257812,601.8200073242188,609.9600219726562,601.0499877929688,607.5,66566900.0
2025-02-03,594.220458984375,597.77001953125,600.2899780273438,590.489990234375,592.6699829101562,65857200.0
2025-02-04,598.2066650390625,601.780029296875,602.2999877929688,597.280029296875,597.8300170898438,33457800.0
2025-02-05,600.6321411132812,604.219970703125,604.3699951171875,598.5800170898438,600.6400146484375,30653100.0
2025-02-06,602.7197265625,606.3200073242188,606.4500122070312,602.6300048828125,605.989990234375,35771500.0
2025-02-07,597.2026977539062,600.77001953125,608.1300048828125,600.0499877929688,606.8900146484375,50788500.0
2025-02-10,601.2584228515625,604.8499755859375,605.5,602.739990234375,604.030029296875,26048700.0
2025-02-11,601.7156982421875,605.3099975585938,605.8599853515625,602.4299926757812,602.5499877929688,30056700.0
2025-02-12,599.7772827148438,603.3599853515625,604.5499877929688,598.510009765625,599.2000122070312,45076100.0
2025-02-13,606.1094970703125,609.72998046875,609.9400024414062,603.2000122070312,604.47998046875,40921300.0
2025-02-14,606.0796508789062,609.7000122070312,610.989990234375,609.0700073242188,609.9400024414062,26910400.0
2025-02-18,607.8590087890625,611.489990234375,611.489990234375,608.3800048828125,610.8800048828125,26749000.0
2025-02-19,609.2904663085938,612.9299926757812,613.22998046875,609.5599975585938,610.0800170898438,31011100.0
2025-02-20,606.755615234375,610.3800048828125,611.6799926757812,607.02001953125,611.5399780273438,36554000.0
2025-02-21,596.3776245117188,599.9400024414062,610.2999877929688,599.469970703125,610.1599731445312,76519800.0
2025-02-24,593.663818359375,597.2100219726562,603.030029296875,596.489990234375,602.02001953125,50737200.0
2025-02-25,590.71142578125,594.239990234375,597.8900146484375,589.5599975585938,597.1500244140625,58266500.0
2025-02-26,591.0096435546875,594.5399780273438,599.5800170898438,591.8599853515625,595.9299926757812,43321600.0
2025-02-27,581.5759887695312,585.0499877929688,598.02001953125,584.6500244140625,596.8499755859375,74196700.0
2025-02-28,590.6517944335938,594.1799926757812,594.719970703125,582.4400024414062,585.5599975585938,88744100.0
2025-03-03,580.3036499023438,583.77001953125,597.3400268554688,579.9000244140625,596.1799926757812,74249200.0
2025-03-04,573.4346313476562,576.8599853515625,585.3900146484375,572.25,579.7100219726562,109648200.0
2025-03-05,579.5978393554688,583.0599975585938,584.8800048828125,573.0800170898438,576.6900024414062,71230500.0
2025-03-06,569.309326171875,572.7100219726562,580.1699829101562,570.1199951171875,575.47998046875,80094900.0
2025-03-07,572.500244140625,575.9199829101562,577.3900146484375,565.6300048828125,570.9000244140625,81158800.0
2025-03-10,557.2513427734375,560.5800170898438,569.5399780273438,555.5900268554688,567.5900268554688,99326600.0
2025-03-11,552.6189575195312,555.9199829101562,564.02001953125,552.02001953125,559.4000244140625,88102100.0
2025-03-12,555.5514526367188,558.8699951171875,563.1099853515625,553.6900024414062,562.1699829101562,69588200.0
2025-03-13,548.1456909179688,551.4199829101562,559.1099853515625,549.6799926757812,558.489990234375,74079400.0
2025-03-14,559.4680786132812,562.8099975585938,563.8300170898438,551.489990234375,556.1099853515625,62660300.0
2025-03-17,563.7823486328125,567.1500244140625,569.7100219726562,562.3499755859375,562.7899780273438,49008700.0
2025-03-18,557.688720703125,561.02001953125,565.02001953125,559.0599975585938,564.7999877929688,66041400.0
2025-03-19,563.762451171875,567.1300048828125,570.9500122070312,561.6300048828125,562.8300170898438,66556000.0
2025-03-20,562.1322021484375,565.489990234375,570.5700073242188,562.5999755859375,563.3300170898438,62958200.0
2025-03-21,562.317626953125,563.97998046875,564.8900146484375,558.030029296875,559.280029296875,83763000.0
2025-03-24,572.3878784179688,574.0800170898438,575.1500244140625,570.2000122070312,570.7999877929688,58766800.0
2025-03-25,573.7637939453125,575.4600219726562,576.4099731445312,573.6900024414062,575.2999877929688,38355700.0
2025-03-26,566.9140625,568.5900268554688,576.3300170898438,567.1900024414062,575.1900024414062,51848300.0
2025-03-27,565.4085083007812,567.0800170898438,570.9000244140625,564.9400024414062,567.1799926757812,42164200.0
2025-03-28,554.0221557617188,555.6599731445312,566.27001953125,555.0700073242188,565.530029296875,71662700.0
2025-03-31,557.7411499023438,559.3900146484375,560.7100219726562,546.8699951171875,549.8300170898438,95328200.0
2025-04-01,559.3164672851562,560.969970703125,562.9400024414062,553.6799926757812,557.4500122070312,54609600.0
2025-04-02,562.8560791015625,564.52001953125,567.4199829101562,554.8099975585938,555.0499877929688,76014500.0
2025-04-03,535.1180419921875,536.7000122070312,547.969970703125,536.7000122070312,545.1099853515625,125986000.0
2025-04-04,503.7906494140625,505.2799987792969,525.8699951171875,505.05999755859375,523.6699829101562,217965100.0
2025-04-07,502.893310546875,504.3800048828125,523.1699829101562,481.79998779296875,489.19000244140625,256611400.0
2025-04-08,495.0166015625,496.4800109863281,524.97998046875,489.1600036621094,521.8599853515625,165816600.0
2025-04-09,547.0029296875,548.6199951171875,548.6199951171875,493.04998779296875,493.44000244140625,241867300.0
2025-04-10,523.0337524414062,524.5800170898438,533.5,509.32000732421875,532.1699829101562,162331200.0
2025-04-11,532.3661499023438,533.9400024414062,536.4299926757812,520.0700073242188,523.010009765625,97866300.0
2025-04-14,537.5308837890625,539.1199951171875,544.280029296875,533.8599853515625,544.0499877929688,68034000.0
2025-04-15,536.0253295898438,537.6099853515625,543.22998046875,536.8099975585938,539.6699829101562,56892900.0
2025-04-16,524.1105346679688,525.6599731445312,537.8900146484375,520.2899780273438,531.6799926757812,83484800.0
2025-04-17,524.8583374023438,526.4099731445312,531.1699829101562,523.9099731445312,527.6400146484375,79868100.0
2025-04-21,512.3652954101562,513.8800048828125,521.7000122070312,508.4599914550781,521.1599731445312,69368100.0
2025-04-22,525.6959228515625,527.25,529.2999877929688,519.1900024414062,520.1400146484375,75948100.0
2025-04-23,533.841796875,535.4199829101562,545.4299926757812,533.8800048828125,540.4299926757812,90590700.0
2025-04-24,545.07861328125,546.6900024414062,547.4299926757812,535.4500122070312,536.719970703125,64150400.0
2025-04-25,549.0169677734375,550.6400146484375,551.0499877929688,543.6900024414062,546.6500244140625,61119600.0
2025-04-28,549.226318359375,550.8499755859375,553.5499877929688,545.02001953125,551.3900146484375,47613800.0
2025-04-29,552.6860961914062,554.3200073242188,555.4500122070312,548.5499877929688,548.9099731445312,47775100.0
2025-04-30,552.9054565429688,554.5399780273438,556.52001953125,541.52001953125,547.5700073242188,93101500.0
2025-05-01,556.8238525390625,558.469970703125,564.0700073242188,557.8599853515625,560.3699951171875,63186100.0
2025-05-02,565.0894165039062,566.760009765625,568.3800048828125,562.3800048828125,564.72998046875,60717300.0
2025-05-05,561.8489990234375,563.510009765625,566.6500244140625,561.7000122070312,562.5700073242188,38659200.0
2025-05-06,557.1528930664062,558.7999877929688,563.3499755859375,556.9600219726562,557.9299926757812,48264700.0
2025-05-07,559.4959716796875,561.1500244140625,563.8200073242188,556.0399780273438,560.1500244140625,55588000.0
2025-05-08,563.3944702148438,565.0599975585938,570.3099975585938,561.7000122070312,565.239990234375,65130800.0
2025-05-09,562.6765747070312,564.3400268554688,567.5,562.760009765625,566.47998046875,37603400.0
2025-05-12,581.2716064453125,582.989990234375,583.0,577.0399780273438,581.469970703125,78993600.0
2025-05-13,585.1102905273438,586.8400268554688,589.0800170898438,582.8400268554688,583.4099731445312,67947200.0
2025-05-14,585.8580932617188,587.5900268554688,588.97998046875,585.5399780273438,587.8099975585938,66283500.0
2025-05-15,588.7196044921875,590.4600219726562,590.969970703125,585.0999755859375,585.5599975585938,71268100.0
2025-05-16,592.4485473632812,594.2000122070312,594.5,589.280029296875,591.25,76052100.0
2025-05-19,593.0966186523438,594.8499755859375,595.5399780273438,588.0999755859375,588.0999755859375,68168500.0
2025-05-20,591.1025390625,592.8499755859375,594.0499877929688,589.5999755859375,593.0900268554688,60614500.0
2025-05-21,581.1419677734375,582.8599853515625,592.5800170898438,581.8200073242188,588.4400024414062,95197700.0
2025-05-22,581.371337890625,583.0900268554688,586.6199951171875,581.4099731445312,582.6599731445312,70860400.0
2025-05-23,577.4030151367188,579.1099853515625,581.8099975585938,575.5999755859375,575.97998046875,76029000.0
2025-05-27,589.4075927734375,591.1500244140625,591.3099975585938,578.4299926757812,586.0700073242188,72588500.0
2025-05-28,585.9976196289062,587.72998046875,592.77001953125,586.989990234375,591.5599975585938,68445500.0
2025-05-29,588.310791015625,590.0499877929688,593.2000122070312,586.0700073242188,593.0599975585938,69973300.0
2025-05-30,587.6527709960938,589.3900146484375,591.1300048828125,583.239990234375,588.9299926757812,90601200.0
2025-06-02,590.9629516601562,592.7100219726562,592.7899780273438,585.0599975585938,587.760009765625,61630500.0
2025-06-03,594.3330078125,596.0900268554688,597.0800170898438,591.8499755859375,592.3400268554688,63606200.0
2025-06-04,594.1734619140625,595.9299926757812,597.9500122070312,595.489990234375,596.9600219726562,57314200.0
2025-06-05,591.3019409179688,593.0499877929688,599.0,591.0499877929688,597.6300048828125,92278700.0
2025-06-06,597.3740234375,599.1400146484375,600.8300170898438,596.8599853515625,598.6599731445312,66588700.0
2025-06-09,597.9124145507812,599.6799926757812,601.25,598.489990234375,599.719970703125,53016400.0
2025-06-10,601.3023681640625,603.0800170898438,603.469970703125,599.0900268554688,600.219970703125,66247000.0
2025-06-11,599.5874633789062,601.3599853515625,605.0599975585938,599.27001953125,604.1900024414062,73658200.0
2025-06-12,601.9703979492188,603.75,603.75,599.52001953125,600.010009765625,64129000.0
2025-06-13,595.2402954101562,597.0,601.8499755859375,595.47998046875,598.5,89506000.0
2025-06-16,600.903564453125,602.6799926757812,604.4500122070312,600.219970703125,600.4000244140625,79984100.0
2025-06-17,595.768798828125,597.530029296875,601.75,596.760009765625,600.2100219726562,82209400.0
2025-06-18,595.6790161132812,597.4400024414062,601.219970703125,596.469970703125,598.4400024414062,76605000.0
2025-06-20,594.280029296875,594.280029296875,599.4600219726562,592.8599853515625,598.3800048828125,94051400.0
2025-06-23,600.1500244140625,600.1500244140625,600.5399780273438,591.8900146484375,595.0399780273438,87426000.0
2025-06-24,606.780029296875,606.780029296875,607.8499755859375,603.4099731445312,604.3300170898438,67735300.0
2025-06-25,607.1199951171875,607.1199951171875,608.6099853515625,605.5399780273438,607.9099731445312,62114800.0
2025-06-26,611.8699951171875,611.8699951171875,612.3099975585938,608.3699951171875,608.989990234375,78548400.0
2025-06-27,614.9099731445312,614.9099731445312,616.3900146484375,610.8300170898438,612.8800048828125,86258400.0
2025-06-30,617.8499755859375,617.8499755859375,619.219970703125,615.0399780273438,617.3800048828125,92502500.0
2025-07-01,617.6500244140625,617.6500244140625,618.8300170898438,615.52001953125,616.3599853515625,70030100.0
2025-07-02,620.4500122070312,620.4500122070312,620.489990234375,616.6099853515625,617.239990234375,66510400.0
2025-07-03,625.3400268554688,625.3400268554688,626.280029296875,622.4299926757812,622.4500122070312,51065800.0
2025-07-07,620.6799926757812,620.6799926757812,624.030029296875,617.8699951171875,623.3599853515625,74814500.0
2025-07-08,620.3400268554688,620.3400268554688,622.1099853515625,619.52001953125,621.3499755859375,59024600.0
2025-07-09,624.0599975585938,624.0599975585938,624.719970703125,620.9099731445312,622.77001953125,66113300.0
2025-07-10,625.8200073242188,625.8200073242188,626.8699951171875,623.010009765625,624.2000122070312,57529000.0
2025-07-11,623.6199951171875,623.6199951171875,624.8599853515625,621.530029296875,622.739990234375,63670200.0
2025-07-14,624.8099975585938,624.8099975585938,625.1599731445312,621.7999877929688,623.1599731445312,51898500.0
2025-07-15,622.1400146484375,622.1400146484375,627.8599853515625,622.0599975585938,627.52001953125,74317300.0
2025-07-16,624.219970703125,624.219970703125,624.72998046875,618.0499877929688,623.739990234375,88987500.0
2025-07-17,628.0399780273438,628.0399780273438,628.4000244140625,624.1799926757812,624.4000244140625,68885700.0
2025-07-18,627.5800170898438,627.5800170898438,629.469970703125,626.4600219726562,629.2999877929688,65621600.0
2025-07-21,628.77001953125,628.77001953125,631.5399780273438,628.3400268554688,628.77001953125,63375000.0
2025-07-22,628.8599853515625,628.8599853515625,629.72998046875,626.1900024414062,629.0999755859375,60046300.0
2025-07-23,634.2100219726562,634.2100219726562,634.2100219726562,629.72998046875,631.5499877929688,70511000.0
2025-07-24,634.4199829101562,634.4199829101562,636.1500244140625,633.989990234375,634.5999755859375,71307100.0
2025-07-25,637.0999755859375,637.0999755859375,637.5800170898438,634.8400268554688,635.0900268554688,56865400.0
2025-07-28,636.9400024414062,636.9400024414062,638.0399780273438,635.5399780273438,637.47998046875,54917100.0
2025-07-29,635.260009765625,635.260009765625,638.6699829101562,634.3400268554688,638.3499755859375,60556300.0
2025-07-30,634.4600219726562,634.4600219726562,637.6799926757812,631.5399780273438,635.9199829101562,80418900.0
2025-07-31,632.0800170898438,632.0800170898438,639.8499755859375,630.77001953125,639.4600219726562,103385200.0
2025-08-01,621.719970703125,621.719970703125,626.3400268554688,619.2899780273438,626.2999877929688,140103600.0
2025-08-04,631.1699829101562,631.1699829101562,631.219970703125,625.5800170898438,625.6699829101562,73218000.0
2025-08-05,627.969970703125,627.969970703125,632.6099853515625,627.0399780273438,631.7899780273438,68051400.0
2025-08-06,632.780029296875,632.780029296875,633.4400024414062,628.1300048828125,629.0499877929688,64357500.0
2025-08-07,632.25,632.25,636.97998046875,629.1099853515625,636.239990234375,74205800.0
2025-08-08,637.1799926757812,637.1799926757812,637.6500244140625,633.739990234375,634.0599975585938,64051600.0
2025-08-11,635.9199829101562,635.9199829101562,638.9500122070312,634.6599731445312,637.4600219726562,58742300.0
2025-08-12,642.6900024414062,642.6900024414062,642.8499755859375,636.7899780273438,638.2899780273438,64730800.0
2025-08-13,644.8900146484375,644.8900146484375,646.1900024414062,642.6799926757812,644.9099731445312,60092800.0
2025-08-14,644.9500122070312,644.9500122070312,645.6199951171875,642.3400268554688,642.7899780273438,59327500.0
2025-08-15,643.4400024414062,643.4400024414062,646.0900268554688,642.52001953125,645.989990234375,68592500.0
2025-08-18,643.2999877929688,643.2999877929688,644.0,642.1799926757812,642.8599853515625,43804900.0
2025-08-19,639.8099975585938,639.8099975585938,644.1099853515625,638.47998046875,643.1199951171875,69750700.0
2025-08-20,638.1099853515625,638.1099853515625,639.6599731445312,632.9500122070312,639.4000244140625,88890300.0
2025-08-21,635.5499877929688,635.5499877929688,637.969970703125,633.8099975585938,636.280029296875,54805800.0
2025-08-22,645.3099975585938,645.3099975585938,646.5,637.25,637.760009765625,84083200.0
2025-08-25,642.469970703125,642.469970703125,645.2899780273438,642.3499755859375,644.0399780273438,51274300.0
2025-08-26,645.1599731445312,645.1599731445312,645.510009765625,641.5700073242188,642.2000122070312,51581600.0
2025-08-27,646.6300048828125,646.6300048828125,647.3699951171875,644.4199829101562,644.5700073242188,48341100.0
2025-08-28,648.9199829101562,648.9199829101562,649.47998046875,645.3400268554688,647.239990234375,61519500.0
2025-08-29,645.0499877929688,645.0499877929688,647.8400268554688,643.1400146484375,647.469970703125,74522200.0
2025-09-02,640.27001953125,640.27001953125,640.489990234375,634.9199829101562,637.5,81983500.0
2025-09-03,643.739990234375,643.739990234375,644.2100219726562,640.4600219726562,642.6699829101562,70820900.0
2025-09-04,649.1199951171875,649.1199951171875,649.1500244140625,643.510009765625,644.4199829101562,65219200.0
2025-09-05,647.239990234375,647.239990234375,652.2100219726562,643.3300170898438,651.47998046875,85178900.0
2025-09-08,648.8300170898438,648.8300170898438,649.8400268554688,647.22998046875,648.6199951171875,63133100.0
2025-09-09,650.3300170898438,650.3300170898438,650.8599853515625,647.219970703125,648.969970703125,66133900.0
2025-09-10,652.2100219726562,652.2100219726562,654.5499877929688,650.6300048828125,653.6199951171875,78034500.0
2025-09-11,657.6300048828125,657.6300048828125,658.3300170898438,653.5900268554688,654.1799926757812,69934400.0
2025-09-12,657.4099731445312,657.4099731445312,659.1099853515625,656.9000244140625,657.5999755859375,72708800.0
2025-09-15,660.1300048828125,660.1300048828125,660.72998046875,659.47998046875,659.6400146484375,12427796.0
